ticket_id,customer_tier,subject,body,expected
T-1001,free,Can't find where to share a folder,Hi! How do I share a folder with my sister so she can edit the files too? Thanks so much!,"{""category"": ""how_to"", ""priority"": ""low"", ""requires_human"": false, ""sentiment"": ""positive""}"
T-1002,enterprise,Nobody on our team can sync,Since 9am none of our 240 users can sync. The desktop client just says 'Service unavailable'. This is blocking our whole company and we're extremely frustrated.,"{""category"": ""bug"", ""priority"": ""urgent"", ""requires_human"": true, ""sentiment"": ""negative""}"
T-1003,pro,Charged twice this month,I was billed $12 twice on March 3 for my Pro plan. Please refund the duplicate charge.,"{""category"": ""billing"", ""priority"": ""medium"", ""requires_human"": true, ""sentiment"": ""neutral""}"
T-1004,free,Dark mode please,"Would love a dark mode in the web app. Nimbus is great otherwise, thanks!","{""category"": ""feature_request"", ""priority"": ""low"", ""requires_human"": false, ""sentiment"": ""positive""}"
T-1005,pro,Files disappeared after update,"After updating the desktop app yesterday, about 300 files in my Projects folder are gone, and they're not in the trash either. I need them for a client deadline on Friday.","{""category"": ""bug"", ""priority"": ""high"", ""requires_human"": true, ""sentiment"": ""negative""}"
T-1006,enterprise,Invoice has the wrong company name,Our March invoice lists 'Acme Corp' but our legal name is 'Acme Holdings LLC'. Can you reissue it?,"{""category"": ""billing"", ""priority"": ""high"", ""requires_human"": true, ""sentiment"": ""neutral""}"
T-1007,free,Locked out after changing phones,"I got a new phone and now I can't log in because the 2FA codes go to my old one. This is really frustrating, I can't get into my account at all.","{""category"": ""account"", ""priority"": ""medium"", ""requires_human"": false, ""sentiment"": ""negative""}"
T-1008,pro,Someone logged in from another country,I got an email that my account was accessed from Brazil. I've never been there. I think I've been hacked.,"{""category"": ""account"", ""priority"": ""urgent"", ""requires_human"": true, ""sentiment"": ""negative""}"
T-1009,enterprise,View-only team folders,How do we set up shared team folders where most people only have view access?,"{""category"": ""how_to"", ""priority"": ""low"", ""requires_human"": false, ""sentiment"": ""neutral""}"
T-1010,pro,Wrong plan charge,You charged me $479 for an annual Business plan but I'm on monthly Pro. This is not okay.,"{""category"": ""billing"", ""priority"": ""high"", ""requires_human"": true, ""sentiment"": ""negative""}"
T-1011,free,"Great app, one idea","Love Nimbus, been using it for years. It would be amazing if you added a Linux desktop client.","{""category"": ""feature_request"", ""priority"": ""low"", ""requires_human"": false, ""sentiment"": ""positive""}"
T-1012,enterprise,Internal link is public,We discovered that a shared link set to internal-only is accessible to anyone without logging in. Confidential HR files were exposed. This is unacceptable.,"{""category"": ""bug"", ""priority"": ""urgent"", ""requires_human"": true, ""sentiment"": ""negative""}"
T-1013,pro,Cancel subscription,Please cancel my Pro subscription at the end of this billing period.,"{""category"": ""billing"", ""priority"": ""medium"", ""requires_human"": true, ""sentiment"": ""neutral""}"
T-1014,free,Large uploads fail,Uploads of videos over 2 GB fail at 99% with error E-413. Smaller files upload fine. Is there a size limit I'm missing?,"{""category"": ""bug"", ""priority"": ""low"", ""requires_human"": false, ""sentiment"": ""neutral""}"
T-1015,enterprise,Add 25 seats,We're onboarding a new team next week. How do we add 25 more seats to our workspace?,"{""category"": ""account"", ""priority"": ""low"", ""requires_human"": false, ""sentiment"": ""neutral""}"
T-1016,pro,"Sync is slow, and a question","Sync has been really slow for a week: uploads crawl at 50 KB/s on a 1 Gbps connection. This is getting really annoying. Also, is there a way to pause sync on metered networks?","{""category"": ""bug"", ""priority"": ""medium"", ""requires_human"": false, ""sentiment"": ""negative""}"
T-1017,free,"Oh great, another outage","Wow, love paying nothing and getting exactly that. Sync has been down for my whole team for 3 hours. Fantastic.","{""category"": ""bug"", ""priority"": ""urgent"", ""requires_human"": true, ""sentiment"": ""negative""}"
T-1018,enterprise,Audit log export,Our compliance team needs to export audit logs to our SIEM. Is this on the roadmap?,"{""category"": ""feature_request"", ""priority"": ""low"", ""requires_human"": false, ""sentiment"": ""neutral""}"
T-1019,pro,Refund for accidental annual plan,I switched to annual by mistake and was charged $96. Can I get a refund?,"{""category"": ""billing"", ""priority"": ""medium"", ""requires_human"": true, ""sentiment"": ""neutral""}"
T-1020,free,Restore an older version,How do I restore a previous version of a document I edited last week?,"{""category"": ""how_to"", ""priority"": ""low"", ""requires_human"": false, ""sentiment"": ""neutral""}"
T-1021,enterprise,SSO login broken for everyone,Since this morning our Okta SSO login fails with 'invalid assertion' for every user. Nobody at the company can access Nimbus. This is a disaster.,"{""category"": ""account"", ""priority"": ""urgent"", ""requires_human"": true, ""sentiment"": ""negative""}"
T-1022,pro,Talk to a human please,I've been going back and forth with the bot for an hour about a sync conflict that keeps duplicating my files. Can I please talk to a real person?,"{""category"": ""bug"", ""priority"": ""medium"", ""requires_human"": true, ""sentiment"": ""negative""}"
T-1023,free,Change my email,How can I change the email address on my account? I'm moving to a new job.,"{""category"": ""account"", ""priority"": ""low"", ""requires_human"": false, ""sentiment"": ""neutral""}"
T-1024,enterprise,Invoice overcharge,"Our latest invoice is $3,200 higher than our contract rate. Please correct it and send a revised invoice.","{""category"": ""billing"", ""priority"": ""high"", ""requires_human"": true, ""sentiment"": ""neutral""}"
T-1025,pro,Longer version history,Is it possible to extend version history from 30 to 180 days on the Pro plan?,"{""category"": ""feature_request"", ""priority"": ""low"", ""requires_human"": false, ""sentiment"": ""neutral""}"
T-1026,free,Android app crashes,"The Android app crashes immediately on launch since the last update. Reinstalling didn't help. Please fix it, I need my files on the go.","{""category"": ""bug"", ""priority"": ""low"", ""requires_human"": false, ""sentiment"": ""negative""}"
