question,answer
"A train travels 60 miles per hour for 2.5 hours. How many miles does it travel?",150
"Sara has 3 boxes with 12 pencils each. She gives away 7 pencils. How many does she have left?",29
"A shirt costs $40 and is on sale for 25% off. What is the sale price in dollars?",30
"What is 17 multiplied by 23?",391
"A rectangle is 8 cm by 5 cm. What is its area in square cm?",40
"If 4 workers build a wall in 6 days, how many days would 8 workers take at the same rate?",3
"A recipe needs 2/3 cup of sugar per batch. How many cups for 6 batches?",4
"What is the sum of the first 10 positive integers?",55
"A car uses 8 liters of fuel per 100 km. How many liters for 250 km?",20
"Tom is twice as old as Ann. In 5 years their ages will sum to 40. How old is Ann now?",10
